year,value,country_iso3,country_name,indicator_code,indicator_name,country_name_full,region,income_group,currency,capital,date,decade
1960,1162.12266831735,DE,Germany,NY.GDP.PCAP.CD,GDP per capita (current US$),Germany,Western Europe,High income,Euro,Berlin,1960-01-01,1960
1961,1315.90787834504,DE,Germany,NY.GDP.PCAP.CD,GDP per capita (current US$),Germany,Western Europe,High income,Euro,Berlin,1961-01-01,1960
1962,1430.52095516263,DE,Germany,NY.GDP.PCAP.CD,GDP per capita (current US$),Germany,Western Europe,High income,Euro,Berlin,1962-01-01,1960
1963,1502.15452905146,DE,Germany,NY.GDP.PCAP.CD,GDP per capita (current US$),Germany,Western Europe,High income,Euro,Berlin,1963-01-01,1960
1964,1637.45522773672,DE,Germany,NY.GDP.PCAP.CD,GDP per capita (current US$),Germany,Western Europe,High income,Euro,Berlin,1964-01-01,1960
1965,1774.1986904555,DE,Germany,NY.GDP.PCAP.CD,GDP per capita (current US$),Germany,Western Europe,High income,Euro,Berlin,1965-01-01,1960
1966,1870.80540291774,DE,Germany,NY.GDP.PCAP.CD,GDP per capita (current US$),Germany,Western Europe,High income,Euro,Berlin,1966-01-01,1960
1967,1885.61596607874,DE,Germany,NY.GDP.PCAP.CD,GDP per capita (current US$),Germany,Western Europe,High income,Euro,Berlin,1967-01-01,1960
1968,2025.08159465853,DE,Germany,NY.GDP.PCAP.CD,GDP per capita (current US$),Germany,Western Europe,High income,Euro,Berlin,1968-01-01,1960
1969,2281.27598218229,DE,Germany,NY.GDP.PCAP.CD,GDP per capita (current US$),Germany,Western Europe,High income,Euro,Berlin,1969-01-01,1960
1970,2771.28310514754,DE,Germany,NY.GDP.PCAP.CD,GDP per capita (current US$),Germany,Western Europe,High income,Euro,Berlin,1970-01-01,1970
1971,3203.82884836051,DE,Germany,NY.GDP.PCAP.CD,GDP per capita (current US$),Germany,Western Europe,High income,Euro,Berlin,1971-01-01,1970
1972,3823.94032602696,DE,Germany,NY.GDP.PCAP.CD,GDP per capita (current US$),Germany,Western Europe,High income,Euro,Berlin,1972-01-01,1970
1973,5065.24523302283,DE,Germany,NY.GDP.PCAP.CD,GDP per capita (current US$),Germany,Western Europe,High income,Euro,Berlin,1973-01-01,1970
1974,5659.73787773336,DE,Germany,NY.GDP.PCAP.CD,GDP per capita (current US$),Germany,Western Europe,High income,Euro,Berlin,1974-01-01,1970
1975,6259.20744498342,DE,Germany,NY.GDP.PCAP.CD,GDP per capita (current US$),Germany,Western Europe,High income,Euro,Berlin,1975-01-01,1970
1976,6659.16546576017,DE,Germany,NY.GDP.PCAP.CD,GDP per capita (current US$),Germany,Western Europe,High income,Euro,Berlin,1976-01-01,1970
1977,7711.10232025365,DE,Germany,NY.GDP.PCAP.CD,GDP per capita (current US$),Germany,Western Europe,High income,Euro,Berlin,1977-01-01,1970
1978,9516.78283228907,DE,Germany,NY.GDP.PCAP.CD,GDP per capita (current US$),Germany,Western Europe,High income,Euro,Berlin,1978-01-01,1970
1979,11322.3543443813,DE,Germany,NY.GDP.PCAP.CD,GDP per capita (current US$),Germany,Western Europe,High income,Euro,Berlin,1979-01-01,1970
1980,12182.7800196802,DE,Germany,NY.GDP.PCAP.CD,GDP per capita (current US$),Germany,Western Europe,High income,Euro,Berlin,1980-01-01,1980
1981,10246.4767623188,DE,Germany,NY.GDP.PCAP.CD,GDP per capita (current US$),Germany,Western Europe,High income,Euro,Berlin,1981-01-01,1980
1982,9950.05926025365,DE,Germany,NY.GDP.PCAP.CD,GDP per capita (current US$),Germany,Western Europe,High income,Euro,Berlin,1982-01-01,1980
1983,9900.48559233526,DE,Germany,NY.GDP.PCAP.CD,GDP per capita (current US$),Germany,Western Europe,High income,Euro,Berlin,1983-01-01,1980
1984,9347.29068412377,DE,Germany,NY.GDP.PCAP.CD,GDP per capita (current US$),Germany,Western Europe,High income,Euro,Berlin,1984-01-01,1980
1985,9464.11694710857,DE,Germany,NY.GDP.PCAP.CD,GDP per capita (current US$),Germany,Western Europe,High income,Euro,Berlin,1985-01-01,1980
1986,13511.1520027486,DE,Germany,NY.GDP.PCAP.CD,GDP per capita (current US$),Germany,Western Europe,High income,Euro,Berlin,1986-01-01,1980
1987,16738.6132825523,DE,Germany,NY.GDP.PCAP.CD,GDP per capita (current US$),Germany,Western Europe,High income,Euro,Berlin,1987-01-01,1980
1988,17996.9783507619,DE,Germany,NY.GDP.PCAP.CD,GDP per capita (current US$),Germany,Western Europe,High income,Euro,Berlin,1988-01-01,1980
1989,17829.4609524705,DE,Germany,NY.GDP.PCAP.CD,GDP per capita (current US$),Germany,Western Europe,High income,Euro,Berlin,1989-01-01,1980
1990,22385.6778250275,DE,Germany,NY.GDP.PCAP.CD,GDP per capita (current US$),Germany,Western Europe,High income,Euro,Berlin,1990-01-01,1990
1991,23443.3350818536,DE,Germany,NY.GDP.PCAP.CD,GDP per capita (current US$),Germany,Western Europe,High income,Euro,Berlin,1991-01-01,1990
1992,26559.8543879632,DE,Germany,NY.GDP.PCAP.CD,GDP per capita (current US$),Germany,Western Europe,High income,Euro,Berlin,1992-01-01,1990
1993,25616.6508772405,DE,Germany,NY.GDP.PCAP.CD,GDP per capita (current US$),Germany,Western Europe,High income,Euro,Berlin,1993-01-01,1990
1994,27201.9593555204,DE,Germany,NY.GDP.PCAP.CD,GDP per capita (current US$),Germany,Western Europe,High income,Euro,Berlin,1994-01-01,1990
1995,31747.2449398447,DE,Germany,NY.GDP.PCAP.CD,GDP per capita (current US$),Germany,Western Europe,High income,Euro,Berlin,1995-01-01,1990
1996,30599.7891048363,DE,Germany,NY.GDP.PCAP.CD,GDP per capita (current US$),Germany,Western Europe,High income,Euro,Berlin,1996-01-01,1990
1997,27046.9565464237,DE,Germany,NY.GDP.PCAP.CD,GDP per capita (current US$),Germany,Western Europe,High income,Euro,Berlin,1997-01-01,1990
1998,27395.9440608051,DE,Germany,NY.GDP.PCAP.CD,GDP per capita (current US$),Germany,Western Europe,High income,Euro,Berlin,1998-01-01,1990
1999,26965.4922773722,DE,Germany,NY.GDP.PCAP.CD,GDP per capita (current US$),Germany,Western Europe,High income,Euro,Berlin,1999-01-01,1990
2000,23925.8559901991,DE,Germany,NY.GDP.PCAP.CD,GDP per capita (current US$),Germany,Western Europe,High income,Euro,Berlin,2000-01-01,2000
2001,23878.3641471651,DE,Germany,NY.GDP.PCAP.CD,GDP per capita (current US$),Germany,Western Europe,High income,Euro,Berlin,2001-01-01,2000
2002,25486.5942008748,DE,Germany,NY.GDP.PCAP.CD,GDP per capita (current US$),Germany,Western Europe,High income,Euro,Berlin,2002-01-01,2000
2003,30711.1022511331,DE,Germany,NY.GDP.PCAP.CD,GDP per capita (current US$),Germany,Western Europe,High income,Euro,Berlin,2003-01-01,2000
2004,34566.7359143735,DE,Germany,NY.GDP.PCAP.CD,GDP per capita (current US$),Germany,Western Europe,High income,Euro,Berlin,2004-01-01,2000
2005,35084.4363546269,DE,Germany,NY.GDP.PCAP.CD,GDP per capita (current US$),Germany,Western Europe,High income,Euro,Berlin,2005-01-01,2000
2006,36980.3349948954,DE,Germany,NY.GDP.PCAP.CD,GDP per capita (current US$),Germany,Western Europe,High income,Euro,Berlin,2006-01-01,2000
2007,42350.9217211489,DE,Germany,NY.GDP.PCAP.CD,GDP per capita (current US$),Germany,Western Europe,High income,Euro,Berlin,2007-01-01,2000
2008,46379.1647953479,DE,Germany,NY.GDP.PCAP.CD,GDP per capita (current US$),Germany,Western Europe,High income,Euro,Berlin,2008-01-01,2000
2009,42471.8868625226,DE,Germany,NY.GDP.PCAP.CD,GDP per capita (current US$),Germany,Western Europe,High income,Euro,Berlin,2009-01-01,2000
2010,42396.9665976293,DE,Germany,NY.GDP.PCAP.CD,GDP per capita (current US$),Germany,Western Europe,High income,Euro,Berlin,2010-01-01,2010
2011,47630.9761883572,DE,Germany,NY.GDP.PCAP.CD,GDP per capita (current US$),Germany,Western Europe,High income,Euro,Berlin,2011-01-01,2010
2012,44718.0159214069,DE,Germany,NY.GDP.PCAP.CD,GDP per capita (current US$),Germany,Western Europe,High income,Euro,Berlin,2012-01-01,2010
2013,47206.8353514242,DE,Germany,NY.GDP.PCAP.CD,GDP per capita (current US$),Germany,Western Europe,High income,Euro,Berlin,2013-01-01,2010
2014,48959.5991203133,DE,Germany,NY.GDP.PCAP.CD,GDP per capita (current US$),Germany,Western Europe,High income,Euro,Berlin,2014-01-01,2010
2015,41929.7549110722,DE,Germany,NY.GDP.PCAP.CD,GDP per capita (current US$),Germany,Western Europe,High income,Euro,Berlin,2015-01-01,2010
2016,42948.9381932694,DE,Germany,NY.GDP.PCAP.CD,GDP per capita (current US$),Germany,Western Europe,High income,Euro,Berlin,2016-01-01,2010
2017,45553.9341495339,DE,Germany,NY.GDP.PCAP.CD,GDP per capita (current US$),Germany,Western Europe,High income,Euro,Berlin,2017-01-01,2010
2018,48916.1686612154,DE,Germany,NY.GDP.PCAP.CD,GDP per capita (current US$),Germany,Western Europe,High income,Euro,Berlin,2018-01-01,2010
2019,47656.199739747,DE,Germany,NY.GDP.PCAP.CD,GDP per capita (current US$),Germany,Western Europe,High income,Euro,Berlin,2019-01-01,2010
2020,47394.8734504469,DE,Germany,NY.GDP.PCAP.CD,GDP per capita (current US$),Germany,Western Europe,High income,Euro,Berlin,2020-01-01,2020
2021,52349.2459994422,DE,Germany,NY.GDP.PCAP.CD,GDP per capita (current US$),Germany,Western Europe,High income,Euro,Berlin,2021-01-01,2020
2022,50506.5179638543,DE,Germany,NY.GDP.PCAP.CD,GDP per capita (current US$),Germany,Western Europe,High income,Euro,Berlin,2022-01-01,2020
2023,54776.7668235491,DE,Germany,NY.GDP.PCAP.CD,GDP per capita (current US$),Germany,Western Europe,High income,Euro,Berlin,2023-01-01,2020
2024,56103.7323182554,DE,Germany,NY.GDP.PCAP.CD,GDP per capita (current US$),Germany,Western Europe,High income,Euro,Berlin,2024-01-01,2020
2025,,DE,Germany,NY.GDP.PCAP.CD,GDP per capita (current US$),Germany,Western Europe,High income,Euro,Berlin,2025-01-01,2020
